Cancelled,Percentage
0,83.53312302839116
1,16.466876971608833
