Returned,Percentage
0,97.8111196596113
1,2.188880340388714
